Chèvre & Brebis,catalog/category/base_thumbnail/fromager/chevre.jpg
Fruits Secs,catalog/category/base_thumbnail/primeur/fruitssecs.jpg
"Veau, Agneau & Lapin",catalog/category/base_thumbnail/boucher/veau.jpg
Saucissons & Saucisses,catalog/category/base_thumbnail/boucher/saucisses.jpg
Charcuterie,catalog/category/base_thumbnail/boucher/charcuterie.jpg
Fruits,catalog/category/base_thumbnail/primeur/fruits_4.jpg
Fromages,catalog/category/base_thumbnail/fromager/fromages_2.jpg
Chèvre & Brebis,catalog/category/base_thumbnail/fromager/brebis.jpg
Toute la Fromagerie,catalog/category/base_thumbnail/fromager/fromages.jpg
Boeuf,catalog/category/base_thumbnail/boucher/boeuf.jpg
Fruits,catalog/category/base_thumbnail/primeur/fruits_2.jpg
Fruits,catalog/category/base_thumbnail/primeur/fruits.jpg
Plateaux de charcuterie,catalog/category/base_thumbnail/fromager/planchemixte.jpg
"Veau, Agneau & Lapin",catalog/category/base_thumbnail/boucher/agneau.jpg
Desserts,catalog/category/base_thumbnail/fromager/desserts.jpg
Charcuterie Italienne,catalog/category/base_thumbnail/boucher/charcuterie_1.jpg
Pommes & Poires,catalog/category/base_thumbnail/primeur/pommepoire.jpg
Herbes & Aromates,catalog/category/base_thumbnail/primeur/aromate.jpg
NA,catalog/category/base_thumbnail/caviste/liqueur.jpg
Pommes de Terre,catalog/category/base_thumbnail/primeur/pdt.jpg
Jus de Fruits & Limonades,catalog/category/base_thumbnail/epicier/jusdefruit_2.jpg
NA,catalog/category/base_thumbnail/caviste/bourgogne.jpg
Olives & Biscuits Apéritifs,catalog/category/base_thumbnail/epicier/olives.jpg
NA,catalog/category/base_thumbnail/caviste/beaujolais.jpg
Boissons,catalog/category/base_thumbnail/caviste/boissons.jpg
Toute l'Epicerie,catalog/category/base_thumbnail/epicier/epicerie_3.jpg
Légumes Secs & Graines,catalog/category/base_thumbnail/epicier/legumesec.jpg
Chocolat & Bonbons,catalog/category/base_thumbnail/epicier/chocolat.jpg
Bières & Cidres,catalog/category/base_thumbnail/caviste/biere.jpg
Vins & Alcool,catalog/category/base_thumbnail/caviste/vins.jpg
Agrumes,catalog/category/base_thumbnail/primeur/agrumes.jpg
Jus de Fruits & Limonades,catalog/category/base_thumbnail/epicier/jusdefruit_3.jpg
Jus de Fruits & Limonades,catalog/category/base_thumbnail/epicier/jusdefruit.jpg
Salades & Endives,catalog/category/base_thumbnail/primeur/salade.jpg
"Carottes, Navets, Poireaux & Betteraves",catalog/category/base_thumbnail/primeur/racines.jpg
Agrumes,catalog/category/base_thumbnail/primeur/agrumes_2.jpg
"Ails, Oignons & Échalotes",catalog/category/base_thumbnail/primeur/oignonailechalotte.jpg
Apéro,catalog/category/base_thumbnail/envie/apero.jpg
Bananes & Fruits Exotiques,catalog/category/base_thumbnail/primeur/fruitsexotiques.jpg
Bières & Cidres,catalog/category/base_thumbnail/caviste/bieres.jpg
Bocaux & Conserves,catalog/category/base_thumbnail/epicier/conserve_5.jpg
Bocaux & Conserves,catalog/category/base_thumbnail/epicier/conserve_6.jpg
Brunch,catalog/category/base_thumbnail/envie/brunch.jpg
"Café, Thé & Infusions",catalog/category/base_thumbnail/epicier/cafe_2.jpg
"Café, Thé & Infusions",catalog/category/base_thumbnail/epicier/cafe_3.jpg
"Café, Thé & Infusions",catalog/category/base_thumbnail/epicier/cafe.jpg
"Café, Thé & Infusions",catalog/category/base_thumbnail/epicier/infusions.jpg
"Camemberts, Bries &  Crémeux",catalog/category/base_thumbnail/fromager/vache.jpg
Chocolat & Bonbons,catalog/category/base_thumbnail/epicier/bonbon.jpg
Chocolat & Bonbons,catalog/category/base_thumbnail/epicier/caramel.jpg
Chocolat & Bonbons,catalog/category/base_thumbnail/epicier/chocolat_2.jpg
Chocolat & Bonbons,catalog/category/base_thumbnail/epicier/chocolat_3.jpg
"Choux, Céleris & Blettes",catalog/category/base_thumbnail/primeur/choux.jpg
Conserves,catalog/category/base_thumbnail/epicier/conserve_2.jpg
Conserves,catalog/category/base_thumbnail/epicier/conserve_4.jpg
Crémerie,catalog/category/base_thumbnail/fromager/cremerie_2.jpg
Crémerie,catalog/category/base_thumbnail/fromager/cremerie.jpg
Crustacés,catalog/category/base_thumbnail/poissonnier/crustaces_2.jpg
Crustacés,catalog/category/base_thumbnail/poissonnier/crustaces.jpg
Entrées,catalog/category/base_thumbnail/traiteur/entrees_2.jpg
Entrées,catalog/category/base_thumbnail/traiteur/entrees.jpg
Epicerie de la Mer,catalog/category/base_thumbnail/epicier/conserve.jpg
"Fraises, Framboises, Cerises, Myrtilles & Rhubarbe",catalog/category/base_thumbnail/primeur/fruitsrouges.jpg
Fromages,catalog/category/base_thumbnail/fromager/fromages_3.jpg
Fruits,catalog/category/base_thumbnail/primeur/fruits_1.jpg
Fruits,catalog/category/base_thumbnail/primeur/fruits_3.jpg
Fruits,catalog/category/base_thumbnail/primeur/fruits_5.jpg
Fruits,catalog/category/base_thumbnail/primeur/fruits_6.jpg
Fruits,catalog/category/base_thumbnail/primeur/fruits_7.jpg
Gâteaux & Pâtisseries,catalog/category/base_thumbnail/boulanger/boulangerie_2.jpg
Gâteaux & Pâtisseries,catalog/category/base_thumbnail/boulanger/boulangerie.jpg
Gâteaux & Pâtisseries,catalog/category/base_thumbnail/boulanger/patisserie_1.jpg
Gâteaux & Pâtisseries,catalog/category/base_thumbnail/boulanger/patisserie_2.jpg
Grillades,catalog/category/base_thumbnail/boucher/brochettes.jpg
Huiles & Vinaigres,catalog/category/base_thumbnail/epicier/huile_2.jpg
Huiles & Vinaigres,catalog/category/base_thumbnail/epicier/huiles.jpg
Huiles & Vinaigres,catalog/category/base_thumbnail/epicier/vinaigre.jpg
Huîtres & Coquillages,catalog/category/base_thumbnail/poissonnier/coquillages.jpg
"Carottes, Navets, Poireaux & Betteraves",catalog/category/base_thumbnail/primeur/legumes_3.jpg
"Courges, Topinambours & Panais",catalog/category/base_thumbnail/primeur/legumes_4.jpg
Légumes,catalog/category/base_thumbnail/primeur/legumes_5.jpg
Légumes,catalog/category/base_thumbnail/primeur/legumes_6.jpg
Légumes,catalog/category/base_thumbnail/primeur/legumes.jpg
Légumes en Bocaux,catalog/category/base_thumbnail/epicier/conserve_1.jpg
"Mozzarellas, Fetas & Parmesan",catalog/category/base_thumbnail/fromager/mozzarella.jpg
NA,catalog/category/base_thumbnail/caviste/alsace.jpg
NA,catalog/category/base_thumbnail/caviste/bordeaux.jpg
NA,catalog/category/base_thumbnail/caviste/coffrets.jpg
NA,catalog/category/base_thumbnail/caviste/coterhone.jpg
NA,catalog/category/base_thumbnail/caviste/france_2.jpg
NA,catalog/category/base_thumbnail/caviste/france.jpg
NA,catalog/category/base_thumbnail/caviste/vincubiton.jpg
NA,catalog/category/base_thumbnail/envie/local.jpg
NA,catalog/category/base_thumbnail/epicier/blinis.jpg
Olives & Biscuits Apéritifs,catalog/category/base_thumbnail/epicier/olives_2.jpg
Pack Jus,catalog/category/base_thumbnail/epicier/jusdefruit_4.jpg
Pack Raclette,catalog/category/base_thumbnail/fromager/fondueraclette.jpg
Pains & Baguettes,catalog/category/base_thumbnail/boulanger/pain_1.jpg
Pains & Baguettes,catalog/category/base_thumbnail/boulanger/pain_2.jpg
Pains & Baguettes,catalog/category/base_thumbnail/boulanger/pain_3.jpg
Pains & Baguettes,catalog/category/base_thumbnail/boulanger/pain_4.jpg
Pains & Baguettes,catalog/category/base_thumbnail/boulanger/pain_5.jpg
Pains & Baguettes,catalog/category/base_thumbnail/boulanger/pain_6.jpg
Pains & Baguettes,catalog/category/base_thumbnail/boulanger/pain_7.jpg
Paniers de Fruits & Légumes,catalog/category/base_thumbnail/primeur/panier_fruits.jpg
"Pâtes, Riz & Céréales",catalog/category/base_thumbnail/epicier/pates_2.jpg
"Pâtes, Riz & Céréales",catalog/category/base_thumbnail/epicier/pates.jpg
Pétillants,catalog/category/base_thumbnail/caviste/champagne.jpg
Pétillants,catalog/category/base_thumbnail/caviste/petillant.jpg
Plateaux de Fruits de Mer,catalog/category/base_thumbnail/poissonnier/fruitsdemer.jpg
Plateaux de Fruits de Mer,catalog/category/base_thumbnail/poissonnier/plateau_fruits_de_mer.jpg
Plats préparés,catalog/category/base_thumbnail/traiteur/platprepares.jpg
Poissons,catalog/category/base_thumbnail/poissonnier/poissons.jpg
Porc,catalog/category/base_thumbnail/boucher/porc.jpg
Rôtisserie,catalog/category/base_thumbnail/boucher/volaille_2.jpg
"Poulet, Dinde & Volaille",catalog/category/base_thumbnail/boucher/volaille.jpg
Raclette & Tartiflette,catalog/category/base_thumbnail/fromager/fondueraclette.jpg
Raisins,catalog/category/base_thumbnail/primeur/raisins.jpg
Sauces & Condiments,catalog/category/base_thumbnail/epicier/sauce.jpg
Sauces & Condiments,catalog/category/base_thumbnail/poissonnier/sauces.jpg
Saucissons & Saucisses,catalog/category/base_thumbnail/boucher/saucissons_2.jpg
Saucissons & Saucisses,catalog/category/base_thumbnail/boucher/saucissons_3.jpg
Saucissons & Saucisses,catalog/category/base_thumbnail/boucher/saucissons.jpg
Tomates,catalog/category/base_thumbnail/primeur/tomates.jpg
Tous les Fruits & Légumes,catalog/category/base_thumbnail/primeur/autresfruits.jpg
Tous les Fruits & Légumes,catalog/category/base_thumbnail/primeur/autreslegumes.jpg
Tous les Plats Traiteurs,catalog/category/base_thumbnail/traiteur/traiteur_2.jpg
Tous les Plats Traiteurs,catalog/category/base_thumbnail/traiteur/traiteur.jpg
Tout le Bio,catalog/category/base_thumbnail/primeur/legumes_2.jpg
Toute l'Epicerie Salée,catalog/category/base_thumbnail/epicier/epicerie.jpg
Epicerie Salée,catalog/category/base_thumbnail/epicier/epicerie.jpg
Toute l'Epicerie,catalog/category/base_thumbnail/epicier/epicerie2.jpg
"Biscuits, Céréales & Muesli",catalog/category/base_thumbnail/epicier/vrac.jpg.jpg
Epicerie Sucrée,catalog/category/base_thumbnail/epicier/vrac.jpg.jpg
Toute l'Epicerie Sucrée,catalog/category/base_thumbnail/epicier/vrac.jpg.jpg
Toute la Fromagerie,catalog/category/base_thumbnail/fromager/fromages_4.jpg
Toute la Fromagerie,catalog/category/base_thumbnail/fromager/fromages_5.jpg
Toute la Poissonnerie,catalog/category/base_thumbnail/poissonnier/poissons_1.jpg
Viande,catalog/category/base_thumbnail/boucher/viande_2.jpg
Viande,catalog/category/base_thumbnail/boucher/viande.jpg
Viennoiseries,catalog/category/base_thumbnail/boulanger/viennoiserie_2.jpg
Viennoiseries,catalog/category/base_thumbnail/boulanger/viennoiserie_3.jpg
Viennoiseries,catalog/category/base_thumbnail/boulanger/viennoiserie.jpg
Vin Blanc,catalog/category/base_thumbnail/caviste/vinblanc_2.jpg
Vin Blanc,catalog/category/base_thumbnail/caviste/vinblanc_3.jpg
Vin Blanc,catalog/category/base_thumbnail/caviste/vinblanc_4.jpg
Vin Blanc,catalog/category/base_thumbnail/caviste/vinblanc.jpg
Vin Rouge,catalog/category/base_thumbnail/caviste/vinrouge_2.jpg
Vin Rouge,catalog/category/base_thumbnail/caviste/vinrouge_4.jpg
Vin Rouge,catalog/category/base_thumbnail/caviste/vinrouge_5.jpg
Vin Rouge,catalog/category/base_thumbnail/caviste/vinrouge.jpg
Vins & Champagnes,catalog/category/base_thumbnail/caviste/vins_2.jpg
Plateaux de fromages,catalog/category/base_thumbnail/fromager/fromages_5.jpg
Prêt à l'emploi,catalog/category/base_thumbnail/traiteur/salades.jpg
Soupes & Veloutés,catalog/category/base_thumbnail/epicier/sauce.jpg
Tous les vins & alcools,catalog/category/base_thumbnail/caviste/vins.jpg
Toute la Boucherie,catalog/category/base_thumbnail/boucher/viande_2.jpg
Toute la Boulangerie Patisserie,catalog/category/base_thumbnail/boulanger/boulangerie_2.jpg
Vins & Boissons,catalog/category/base_thumbnail/caviste/vinrouge_4.jpg
Default,catalog/category/base_thumbnail/default.jpg
